{
  "bot_states": [
    {
      "ID": 0,
      "direction": 0.81549738688806495,
      "state": {},
      "x_position": 262.0,
      "y_position": 112.0
    },
    {
      "ID": 1,
      "direction": 1.3713485829272285,
      "state": {},
      "x_position": 217.9421286602377,
      "y_position": 132.89362872102197
    }
  ],
  "ticks": 2678
}