{
  "bot_states": [
    {
      "ID": 0,
      "direction": 6.3224477099945799,
      "state": {},
      "x_position": 30.264439761664214,
      "y_position": -94.578294974445157
    },
    {
      "ID": 1,
      "direction": 4.5465780011219481,
      "state": {},
      "x_position": 19.432429121411346,
      "y_position": -224.95174092188844
    }
  ],
  "ticks": 2850
}