{
  "bot_states": [
    {
      "ID": 0,
      "direction": 0.81549738688806495,
      "state": {},
      "x_position": 96.0,
      "y_position": 53.0
    },
    {
      "ID": 1,
      "direction": 1.3713485829272285,
      "state": {},
      "x_position": 92.762897593656234,
      "y_position": 2.5271556284225345
    }
  ],
  "ticks": 583
}