{
  "bot_states": [
    {
      "ID": 0,
      "direction": 4.7385639155946651,
      "state": {},
      "x_position": 97.897262291944003,
      "y_position": -27.416818673492003
    },
    {
      "ID": 1,
      "direction": 1.5707963267948966,
      "state": {},
      "x_position": 233.87457846477628,
      "y_position": 17.0
    }
  ],
  "ticks": 1803
}