{
  "bot_states": [
    {
      "ID": 0,
      "direction": -3.1176560783754113,
      "state": {},
      "x_position": 76.146813923794127,
      "y_position": 106.710266065676
    },
    {
      "ID": 1,
      "direction": -1.7097593722421887,
      "state": {},
      "x_position": 126.66716634557552,
      "y_position": 125.32049796103523
    },
    {
      "ID": 2,
      "direction": -0.58984153781802473,
      "state": {},
      "x_position": 198.01982768168321,
      "y_position": 136.68344261216313
    }
  ],
  "ticks": 1823
}