{
  "bot_states": [
    {
      "ID": 0,
      "direction": 18.73674051910174,
      "state": {},
      "x_position": 70.317222150420164,
      "y_position": -58.837687053086256
    },
    {
      "ID": 1,
      "direction": 18.688744040483567,
      "state": {},
      "x_position": 80.444685111498075,
      "y_position": -136.06482840035417
    },
    {
      "ID": 2,
      "direction": 17.104860246083827,
      "state": {},
      "x_position": 117.52744055446726,
      "y_position": -197.34800194240285
    }
  ],
  "ticks": 9598
}