{
  "bot_states": [
    {
      "ID": 0,
      "direction": 39.007253322177192,
      "state": {},
      "x_position": 126.53052236570045,
      "y_position": -7.9303650867920235
    },
    {
      "ID": 1,
      "direction": 37.487364832601685,
      "state": {},
      "x_position": 54.026800148847236,
      "y_position": -25.980517009311022
    },
    {
      "ID": 2,
      "direction": 37.519362485013801,
      "state": {},
      "x_position": 79.874627154042599,
      "y_position": -91.44432467224317
    },
    {
      "ID": 3,
      "direction": 37.439368353983511,
      "state": {},
      "x_position": 102.46217040252404,
      "y_position": -163.84279023554606
    }
  ],
  "ticks": 20046
}