{
  "bot_states": [
    {
      "ID": 0,
      "direction": 15.632968235126455,
      "state": {},
      "x_position": 214.28625404062174,
      "y_position": -52.389385517336883
    },
    {
      "ID": 1,
      "direction": 14.273068007611377,
      "state": {},
      "x_position": 210.02071280798148,
      "y_position": -0.05858920311173979
    },
    {
      "ID": 2,
      "direction": 13.889096178665943,
      "state": {},
      "x_position": 101.80504701802745,
      "y_position": 7.7570046717460546
    }
  ],
  "ticks": 5616
}