{
  "bot_states": [
    {
      "ID": 0,
      "direction": 20.288626661089364,
      "state": {},
      "x_position": 120.13614293893541,
      "y_position": 4.629444070256767
    },
    {
      "ID": 1,
      "direction": 18.73674051910174,
      "state": {},
      "x_position": 74.057689349351605,
      "y_position": -33.879262875993987
    },
    {
      "ID": 2,
      "direction": 4.7057699363876493,
      "state": {},
      "x_position": -1485.7115265357354,
      "y_position": -200.18994478013212
    },
    {
      "ID": 3,
      "direction": 7.8415398727753596,
      "state": {},
      "x_position": 14.413948537684522,
      "y_position": -4.5718077757964029
    }
  ],
  "ticks": 11348
}