{
  "bot_states": [
    {
      "ID": 0,
      "direction": 18.73674051910174,
      "state": {},
      "x_position": 78.088854331052019,
      "y_position": -81.278462572082105
    },
    {
      "ID": 1,
      "direction": 18.73674051910174,
      "state": {},
      "x_position": 88.012431442313286,
      "y_position": -157.0494095637315
    },
    {
      "ID": 2,
      "direction": 4.7057699363876493,
      "state": {},
      "x_position": -1361.7561043985834,
      "y_position": -199.36946640509916
    },
    {
      "ID": 3,
      "direction": 10.961310982957009,
      "state": {},
      "x_position": 144.58727279652729,
      "y_position": -182.08955286916998
    }
  ],
  "ticks": 9451
}