{
  "bot_states": [
    {
      "ID": 0,
      "direction": 39.007253322177192,
      "state": {},
      "x_position": 28.906273406282896,
      "y_position": 91.417013499766284
    },
    {
      "ID": 1,
      "direction": 24.976282739464349,
      "state": {},
      "x_position": -25.063607353531108,
      "y_position": 73.882513004180183
    },
    {
      "ID": 2,
      "direction": 4.7057699363876493,
      "state": {},
      "x_position": -3743.7418281481332,
      "y_position": -215.13616496720317
    },
    {
      "ID": 3,
      "direction": 18.752739345307798,
      "state": {},
      "x_position": -13.713498426086904,
      "y_position": 19.059358581356921
    }
  ],
  "ticks": 20573
}