{
  "bot_states": [
    {
      "ID": 0,
      "direction": 14.433056269671974,
      "state": {},
      "x_position": 248.95550285205005,
      "y_position": 3.5255589373739591
    },
    {
      "ID": 1,
      "direction": 14.033085614520481,
      "state": {},
      "x_position": 171.91710081177135,
      "y_position": 5.9149341383199774
    },
    {
      "ID": 2,
      "direction": 4.6737722839755298,
      "state": {},
      "x_position": -886.36635356009424,
      "y_position": -229.0338536567192
    },
    {
      "ID": 3,
      "direction": 7.8095422203632401,
      "state": {},
      "x_position": 98.238524260554541,
      "y_position": 1.1669798218385197
    }
  ],
  "ticks": 7339
}