{
  "bot_states": [
    {
      "ID": 0,
      "direction": 12.497994625533641,
      "state": {},
      "x_position": 72.214268915412191,
      "y_position": -44.058021410229259
    },
    {
      "ID": 1,
      "direction": 12.54599110415182,
      "state": {},
      "x_position": 80.298016705384228,
      "y_position": -118.25343806384549
    }
  ],
  "ticks": 6276
}