{
  "bot_states": [
    {
      "ID": 0,
      "direction": 14.04908444072654,
      "state": {},
      "x_position": 236.47146159499508,
      "y_position": 11.632146816710314
    },
    {
      "ID": 1,
      "direction": 14.04908444072654,
      "state": {},
      "x_position": 157.01160292865993,
      "y_position": 11.183603850188524
    },
    {
      "ID": 2,
      "direction": 13.953091483490182,
      "state": {},
      "x_position": 94.977956456823279,
      "y_position": 21.537993677169617
    },
    {
      "ID": 3,
      "direction": 12.513197124944805,
      "state": {},
      "x_position": 59.020162492509179,
      "y_position": -94.607603200217994
    }
  ],
  "ticks": 7304
}