{
  "bot_states": [
    {
      "ID": 0,
      "direction": 14.04908444072654,
      "state": {},
      "x_position": 101.93820448125271,
      "y_position": 1.5079544473144431
    },
    {
      "ID": 1,
      "direction": 12.497198298738745,
      "state": {},
      "x_position": 74.164720456646393,
      "y_position": -52.497852586109531
    },
    {
      "ID": 2,
      "direction": 4.7057699363876493,
      "state": {},
      "x_position": -723.89608507163871,
      "y_position": -195.14738121404719
    },
    {
      "ID": 3,
      "direction": 6.2736549045815044,
      "state": {},
      "x_position": 83.068630494362353,
      "y_position": -130.53018651538224
    }
  ],
  "ticks": 6626
}