{
  "bot_states": [
    {
      "ID": 0,
      "direction": 24.885622724296706,
      "state": {},
      "x_position": 67.443849835954595,
      "y_position": -21.93267452389583
    },
    {
      "ID": 1,
      "direction": 24.458987358801803,
      "state": {},
      "x_position": 115.34022172299612,
      "y_position": -85.752888874659192
    },
    {
      "ID": 2,
      "direction": 24.416323822252313,
      "state": {},
      "x_position": 169.84010569347569,
      "y_position": -141.95832699912529
    },
    {
      "ID": 3,
      "direction": 22.411137604426269,
      "state": {},
      "x_position": 204.44614473704769,
      "y_position": -111.21940205132677
    }
  ],
  "ticks": 9812
}