{
  "bot_states": [
    {
      "ID": 0,
      "direction": 7.8095422203632401,
      "state": {},
      "x_position": 114.09504336814838,
      "y_position": -15.634540356346818
    },
    {
      "ID": 1,
      "direction": 6.2256584259633252,
      "state": {},
      "x_position": 68.85523375254364,
      "y_position": -52.277070595794982
    },
    {
      "ID": 2,
      "direction": 6.2736549045815044,
      "state": {},
      "x_position": 71.271098150534769,
      "y_position": -125.05063372980872
    },
    {
      "ID": 3,
      "direction": 4.7057699363876493,
      "state": {},
      "x_position": 69.930019353221951,
      "y_position": -192.94881473708512
    }
  ],
  "ticks": 3367
}