{
  "bot_states": [
    {
      "ID": 0,
      "direction": 12.497198298738745,
      "state": {},
      "x_position": 84.865053933298583,
      "y_position": -150.38953814271696
    },
    {
      "ID": 1,
      "direction": 10.945312156750949,
      "state": {},
      "x_position": 129.18683116450612,
      "y_position": -181.24172568484391
    },
    {
      "ID": 2,
      "direction": 4.7057699363876493,
      "state": {},
      "x_position": -545.40027719413979,
      "y_position": -193.96589235399972
    },
    {
      "ID": 3,
      "direction": 4.7057699363876493,
      "state": {},
      "x_position": 212.0024923751977,
      "y_position": -178.72426113338219
    }
  ],
  "ticks": 5835
}