{
  "bot_states": [
    {
      "ID": 0,
      "direction": 48.382565478927162,
      "state": {},
      "x_position": 131.15945251614028,
      "y_position": -191.56270004423547
    },
    {
      "ID": 1,
      "direction": 48.430561957545336,
      "state": {},
      "x_position": 203.64296311832152,
      "y_position": -171.44859436958265
    },
    {
      "ID": 2,
      "direction": 4.7057699363876493,
      "state": {},
      "x_position": -3743.7418281481332,
      "y_position": -215.13616496720317
    },
    {
      "ID": 3,
      "direction": 41.407077253085887,
      "state": {},
      "x_position": 272.14675569215774,
      "y_position": -176.4241957615906
    }
  ],
  "ticks": 25425
}