{
  "bot_states": [
    {
      "ID": 0,
      "direction": 18.737536845896638,
      "state": {},
      "x_position": 88.227167950577126,
      "y_position": -114.46326227603788
    },
    {
      "ID": 1,
      "direction": 17.201649530115073,
      "state": {},
      "x_position": 93.594377738069866,
      "y_position": -194.16359309951258
    },
    {
      "ID": 2,
      "direction": 17.217648356321131,
      "state": {},
      "x_position": 171.85945574765245,
      "y_position": -190.88831496094224
    }
  ],
  "ticks": 9329
}